"0","library(tidyverse)"
"2","Registered S3 methods overwritten by 'dbplyr':
  method         from
  print.tbl_lazy     
  print.tbl_sql      
"
"2","Error in completeSubclasses(classDef2, class1, obj, where) : 
  trying to get slot ""subclasses"" from an object of a basic class (""NULL"") with no slots
"
"2","Error: package or namespace load failed for ‘tidyverse’:
 .onLoad failed in loadNamespace() for 'dbplyr', details:
  call: setClass(cl, contains = c(prevClass, ""VIRTUAL""), where = where)
  error: error in contained classes (""character"") for class “ident”; class definition removed from ‘dbplyr’
"
